resource_id	category	resource_name	version_or_citation	local_path	source_url_or_doi	access_and_release	used_by	purpose	file_size_bytes	sha256	notes
UNIPROT_9606_20260401	public_database	UniProtKB human protein export	Downloaded 2026-04-01	../00_data/references/uniprotkb_AND_model_organism_9606_2026_04_01.tsv.gz	https://www.uniprot.org/uniprotkb?query=%28organism_id%3A9606%29	Public. For GitHub, provide the version, query and download instructions rather than bundling the full export.	prepare_profiles_and_detection.R; prepare_physchem_annotation.R; ed3_external_sex_consistency.R; ed5_mfnp_contrast_difference.R	Protein identifiers, gene symbols, protein names, sequences and functional annotations.	178965531	c27dc1b87ef2a2fa5b32e944db3dd61dcd866c7befd4b252dacfe68e60109750	Target UniProt reference for all UniProt-dependent scripts.
HPA_25_0	public_database	Human Protein Atlas downloadable data	Version 25.0	../00_data/references/proteinatlas_v25.0.tsv.gz	https://www.proteinatlas.org/about/download	Public. For GitHub, cite version 25.0 and provide download instructions or the minimal derived annotation.	prepare_physchem_annotation.R	Blood concentration, protein-class and secreted/membrane annotations.	39008173	1955106ea4d5e47a9b7449d5bb6feb6158a83ba39661cf1df3838c7ca2e09bd4	The analysis is pinned to version 25.0 even if the download page provides a newer release.
ALPHAFOLD_HUMAN_V6	public_database	AlphaFold Protein Structure Database human proteome	UP000005640_9606_HUMAN, version 6	../00_data/references/UP000005640_9606_HUMAN_v6.tar	https://www.alphafold.ebi.ac.uk/download	Public. Do not include the multi-gigabyte archive in GitHub; document the proteome identifier and version.	prepare_physchem_annotation.R	Protein-structure features including pLDDT, radius of gyration and solvent-accessible surface area.	5177506304	1de6f3d7df0373be7d49e61cb4a9eb501b0a2216aeec262471812fac9faeeaa6	Extract the TAR beside the archive as UP000005640_9606_HUMAN_v6; the script reads individual .pdb.gz files from that directory.
OLINK_EXPLORE_3072_HT	vendor_annotation	Olink Explore 3072 and Explore HT assay annotation	Combined local workbook; exact filename pinned	../00_data/references/olink-explore-3072-ht-assay-list.xlsx	https://olink.com/products/olink-explore-ht	Vendor-provided annotation. Do not redistribute publicly unless the applicable Olink terms permit it.	ed3_external_sex_consistency.R; ed4_plasmix_sex_gradient.R	Olink assay-to-gene and assay-to-UniProt mappings for the 3072 and HT panels.	355343	5ae2607625671bb598771656ce59fdcbb4e6c009a44f07c1329f5201393bf6dc	Preserve this combined workbook's exact filename and checksum.
SOMASCAN_11K_ANNOTATION	vendor_annotation	SomaScan 11K annotated content	Local vendor workbook; exact filename pinned	../00_data/references/SomaScan_11K_Annotated_Content.xlsx	https://somalogic.com/somascan-assay/	Vendor-provided annotation. Do not redistribute publicly unless the applicable SomaLogic terms permit it.	prepare_profiles_and_detection.R; ed2_som_reshaping_compact.R	SOMAmer identifiers, target annotations and feature mapping for the SomaScan 11K panel.	4103937	d67d0b183e4733811657ac5bfe02b9cba3f2cec007eab5e1384a28de9ea7c97d	Preserve the exact filename and checksum when preparing the local environment.
SOMAMER_PROTEIN_PREP_202509	vendor_annotation	Illumina Protein Prep SOMAmer annotation	September 2025	../00_data/references/Customer Facing - Protein Prep SOMAmer Annotations SEPT2025.xlsx	https://somalogic.com/somascan-assay/	Vendor-provided annotation. Do not redistribute publicly unless the applicable vendor terms permit it.	prepare_profiles_and_detection.R; ed2_som_reshaping_compact.R	SOMAmer identifiers, targets and feature mappings used for Protein Prep batches.	2885424	3601d0ed2bc979dd0aaa509413fbbc3c0859a7fff31cdf95b1414071e2a6d16c	Preserve the September 2025 filename and checksum when preparing the local environment.
NATURE_2023_ST14_ST15	article_supplement	Nature 2023 supplementary tables ST14 and ST15	Large-scale plasma proteomics comparisons through genetics and disease associations; DOI 10.1038/s41586-023-06563-x	../00_data/cohort/nature_ukb_iceland/Nature_ST14_ST15.xlsx	https://doi.org/10.1038/s41586-023-06563-x	Public publisher supplement. Prefer citation and publisher download instructions over re-hosting.	ed3_external_sex_consistency.R	Sex-effect estimates from UK Biobank Olink 3K and Iceland SomaScan 5K cohorts.	1443010	700ecde70fd0b7a4bc949399b367f9fcb8a54091deedf96cd8a9492a3048b743	Uses ST14_olink_age_sex_corr and ST15_somascan_age_sex_corr.
SCIENCE_2025_S2	article_supplement	Science 2025 supplementary data S2	A human pan-disease blood atlas of the circulating proteome; DOI 10.1126/science.adx2678	../00_data/cohort/science_bamse_wellness/science.adx2678_data_s2.xlsx	https://doi.org/10.1126/science.adx2678	Public publisher supplement. Prefer citation and publisher download instructions over re-hosting.	ed3_external_sex_consistency.R	Sex-effect estimates for the Wellness Olink HT cohort.	942454	d9d7340e5d39f427319dabeb47c133962d08f847b994b0782a565b4c74c90f11	Supplementary data file S2.
SCIENCE_2025_S3	article_supplement	Science 2025 supplementary data S3	A human pan-disease blood atlas of the circulating proteome; DOI 10.1126/science.adx2678	../00_data/cohort/science_bamse_wellness/science.adx2678_data_s3.xlsx	https://doi.org/10.1126/science.adx2678	Public publisher supplement. Prefer citation and publisher download instructions over re-hosting.	ed3_external_sex_consistency.R	Sex-effect estimates for the BAMSE Olink HT cohort.	1125177	0b1ad2d509e4d54f6dbaf360d5015ac5415d7ef1b7277a06c46800eac2558554	Supplementary data file S3.
CKB_2025_MOESM4	article_supplement	China Kadoorie Biobank 2025 supplementary data MOESM4	Comparative studies of 2168 plasma proteins measured by two affinity-based platforms in 4000 Chinese adults; DOI 10.1038/s41467-025-56935-2	../00_data/cohort/nc_ckb/41467_2025_56935_MOESM4_ESM.xlsx	https://doi.org/10.1038/s41467-025-56935-2	Public publisher supplement. Prefer citation and publisher download instructions over re-hosting.	fig3_cross_setting_concordance.R	Olink-SomaScan cross-platform correlation results.	261868	b1180c9f633b378b9b9793b3093c702aa393172bcabe28e83fcc3755eaff4bd0	Supplementary data file MOESM4.
CKB_2025_MOESM8	article_supplement	China Kadoorie Biobank 2025 supplementary data MOESM8	Comparative studies of 2168 plasma proteins measured by two affinity-based platforms in 4000 Chinese adults; DOI 10.1038/s41467-025-56935-2	../00_data/cohort/nc_ckb/41467_2025_56935_MOESM8_ESM.xlsx	https://doi.org/10.1038/s41467-025-56935-2	Public publisher supplement. Prefer citation and publisher download instructions over re-hosting.	fig3_cross_setting_concordance.R	Trait-effect estimates used for Olink-SomaScan concordance analyses.	6782173	7de575597c0e7730897b67d784c2b8b5ec067ad0500437fccd94416b1a5bdd07	Supplementary data file MOESM8.
UKB_PROFILE_CODING143	restricted_cohort_data	UK Biobank Olink protein coding table	Local UK Biobank export	../00_data/cohort/profile_ukb/coding143.tsv	https://www.ukbiobank.ac.uk/enable-your-research/apply-for-access	Restricted UK Biobank data. Never publish; access only within the approved project and by authorized researchers.	ed4_plasmix_sex_gradient.R	Maps numeric protein codes in the UK Biobank NPX matrix to protein names.	124212	33b5a8ecd4c1a92af8174f5418e1c0a0025112e942ee9a122a43db0e2414a7d9
UKB_PROFILE_NPX	restricted_cohort_data	UK Biobank participant-level Olink NPX matrix	Local UK Biobank export	../00_data/cohort/profile_ukb/pr_data.txt	https://www.ukbiobank.ac.uk/enable-your-research/apply-for-access	Restricted UK Biobank participant data. Never publish; access only within the approved project and by authorized researchers.	ed4_plasmix_sex_gradient.R	Participant-level protein expression matrix used to estimate UK Biobank sex effects.	1105069135	de4ad27f13f78f93f3f1f16616d2bfaeba91a725758bec9da15a321c5d128917
UKB_PROFILE_PHENOTYPE	restricted_cohort_data	UK Biobank participant phenotype table	Local UK Biobank export	../00_data/cohort/profile_ukb/ph_data.txt	https://www.ukbiobank.ac.uk/enable-your-research/apply-for-access	Restricted UK Biobank participant data. Never publish; access only within the approved project and by authorized researchers.	ed4_plasmix_sex_gradient.R	Participant sex and covariates used to estimate UK Biobank sex effects.	2042220	86d87636f1f5d6e1f83eb97dec4d0f4a40b61f46d3c6052f3a4143428dcd43f4
